tmin,e_ins,e_ekf_m4,e_fgo_m4,e_ekf_m5,e_fgo_m5
0.0,0.0,0.02,0.04,0.0,0.0
0.21,1.34,560.89,19.39,8.81,2.57
0.42,2.14,1420.9,36.57,17.36,5.47
0.63,3.17,2368.21,51.46,37.81,7.56
0.84,4.93,2675.59,65.12,38.33,9.4
1.05,6.37,2851.47,76.07,43.26,10.7
1.26,7.38,3417.94,85.08,43.23,12.51
1.47,8.92,3979.45,91.78,58.79,13.08
1.68,9.65,4518.91,96.4,79.6,14.53
1.89,10.94,5065.89,98.74,63.01,14.74
2.1,11.87,5655.74,99.21,68.67,15.45
2.31,13.21,6274.79,97.6,57.56,15.38
2.52,14.37,6840.81,93.85,20.49,15.26
2.73,15.45,7391.81,87.84,45.25,14.73
2.94,16.88,8147.98,80.01,12.33,13.95
3.15,18.16,8473.18,69.86,10.12,12.79
3.36,19.23,8703.8,58.18,13.94,12.2
3.57,20.14,8947.37,65.87,8.37,14.09
3.78,21.36,9535.13,63.63,8.51,14.4
3.99,22.52,10147.01,60.97,10.34,14.96
4.2,23.73,10671.3,57.68,12.65,15.5
4.41,25.4,11167.44,53.89,5.97,15.97
4.62,26.65,11686.59,48.94,8.99,16.02
4.83,27.58,11968.91,43.46,10.66,16.31
5.04,28.84,12475.13,37.58,15.23,16.69
5.25,30.08,12981.97,30.69,16.47,16.63
5.46,31.23,13480.43,23.66,16.44,17.1
5.67,32.84,13980.41,15.48,19.5,16.78
5.88,34.12,14630.25,7.51,14.3,17.14
6.09,35.13,15373.37,4.41,18.56,17.21
6.3,36.26,16040.09,13.36,21.12,16.86
6.51,37.83,16588.78,23.79,27.71,16.54
6.72,38.88,17155.63,35.13,26.72,16.38
6.93,40.54,17620.24,46.74,27.12,16.3
7.14,41.85,17956.93,40.29,15.62,10.12
7.35,43.24,18079.8,51.13,6.67,10.02
7.56,44.6,18556.46,62.68,10.4,9.94
7.77,45.77,19051.12,75.49,12.72,9.9
7.98,47.01,19300.2,88.25,23.5,10.39
8.19,48.83,19842.97,101.61,28.75,10.53
8.4,50.31,20393.57,115.61,24.33,11.36
8.61,51.77,20901.86,130.14,23.02,12.54
8.82,53.45,21310.12,144.83,25.56,13.66
9.03,55.56,21784.62,160.25,31.04,14.85
9.24,57.64,22037.81,175.32,10.4,15.75
9.45,59.36,22194.08,191.83,7.78,17.59
9.66,61.28,22714.1,208.41,6.4,19.17
9.87,63.31,23251.65,225.07,13.45,20.47
10.08,65.17,23654.79,242.83,28.94,22.41
10.29,67.22,24063.92,260.68,33.38,24.04
10.5,68.82,24448.13,15.08,31.03,7.37
10.71,70.8,24809.48,15.76,24.41,7.08
10.92,72.84,25114.62,16.94,34.44,7.33
11.13,74.55,25523.25,17.89,29.96,7.82
11.34,76.47,25966.43,18.72,33.98,8.17
11.55,77.69,26223.83,19.26,30.26,8.95
11.76,79.41,26561.25,19.3,36.3,8.99
11.97,81.14,26737.05,19.4,41.74,9.21
12.18,82.61,27080.15,19.11,11.01,9.35
12.39,84.52,27375.66,19.19,9.18,9.69
12.6,85.91,27709.45,19.09,14.78,10.37
12.81,87.24,28046.83,18.75,27.64,11.0
13.02,88.95,28355.35,18.19,25.99,11.29
13.23,90.6,28834.65,17.87,19.87,11.99
13.44,92.26,29069.05,17.05,31.12,12.33
13.65,93.57,29413.84,16.08,13.15,12.89
13.86,94.95,29678.37,14.78,25.25,13.21
14.07,96.39,29923.7,9.89,22.25,9.39
14.28,97.81,30217.74,9.12,23.98,9.55
14.49,99.5,30498.57,7.69,22.66,8.79
14.7,100.66,30769.03,6.45,23.77,8.9
14.91,102.51,31066.48,5.21,22.39,8.28
15.12,103.84,31360.52,4.04,19.28,8.45
15.33,105.32,31630.11,2.46,19.88,7.89
15.54,106.56,31876.47,1.23,19.99,7.92
15.75,108.09,32094.43,1.72,20.03,7.62
15.96,109.37,32390.74,3.18,21.33,7.57
16.17,110.99,32685.31,5.2,21.37,7.06
16.38,112.4,32927.75,7.24,22.2,6.83
16.59,113.67,33138.09,9.57,21.78,6.69
16.8,114.96,33434.23,11.54,22.13,6.84
17.01,116.5,33679.97,13.93,13.54,6.62
17.22,117.47,33908.55,16.81,9.9,7.0
17.43,118.67,34131.98,18.64,11.86,7.46
17.64,120.22,34275.49,6.08,15.07,9.64
17.85,121.4,34146.39,6.23,20.08,9.73
18.06,122.65,34306.69,5.99,15.92,9.27
18.27,124.42,34521.21,5.71,15.66,8.94
18.48,125.51,34701.89,6.18,15.0,9.19
18.69,126.8,34870.4,6.29,15.43,8.93
18.9,128.57,35056.56,6.07,11.0,8.54
19.11,129.64,35229.06,6.61,8.5,8.71
19.32,130.78,35391.9,7.05,16.2,8.21
19.53,132.43,35553.58,7.06,14.51,8.09
19.74,133.26,35706.94,7.92,11.29,8.28
19.95,134.46,35861.66,8.38,13.23,8.47
20.16,135.54,36014.11,9.18,22.36,8.02
20.37,137.14,36167.95,9.35,24.93,7.66
20.58,138.03,36307.21,10.17,25.29,7.82
20.79,138.85,36452.78,11.23,27.73,7.77
21.0,139.57,36593.67,10.19,35.16,8.43
21.21,141.0,36738.62,9.53,21.06,8.35
21.42,142.09,36966.25,9.11,30.11,8.32
21.63,143.55,37188.37,8.29,13.45,7.81
21.84,144.68,37366.24,7.7,8.87,7.76
22.05,145.42,37528.62,7.46,6.64,7.99
22.26,146.55,37888.82,7.02,5.73,7.63
22.47,147.35,38174.07,6.79,8.05,7.8
22.68,148.75,38355.58,5.79,6.87,7.53
22.89,149.73,38482.41,5.87,7.76,7.52
23.1,150.72,38719.63,5.96,6.79,7.65
23.31,152.04,38740.79,5.64,5.3,7.42
23.52,152.47,38980.68,6.02,5.1,8.18
23.73,153.36,39117.1,6.22,6.54,8.48
23.94,153.84,39203.91,6.25,8.95,9.14
24.15,154.47,39485.47,6.3,9.45,9.63
24.36,155.0,39369.98,6.72,9.98,10.34
24.57,155.72,39457.66,26.87,10.37,14.13
24.78,156.46,39579.62,30.12,10.69,15.38
24.99,156.95,39672.46,33.62,11.35,16.89
25.2,157.24,39780.99,36.76,11.97,18.02
25.41,157.87,39883.37,40.26,11.54,19.23
25.62,158.26,40014.53,44.43,12.38,21.09
25.83,158.8,40138.14,48.36,12.87,22.54
26.04,159.19,40258.27,52.63,17.18,24.25
26.25,159.61,40172.49,56.95,20.97,25.89
26.46,159.92,40288.87,61.42,18.37,27.6
26.67,160.61,40371.02,65.89,16.69,29.08
26.88,161.0,40402.03,70.63,13.67,30.82
27.09,161.49,40539.24,75.7,13.75,32.75
27.3,161.76,40848.53,80.87,24.44,34.71
27.51,161.65,41170.37,86.39,26.15,37.0
27.72,162.21,41403.5,92.04,35.37,39.18
27.93,162.54,41284.12,97.55,40.1,41.14
28.14,162.44,41201.47,57.52,42.92,32.1
28.35,163.04,41360.54,58.67,48.31,32.68
28.56,162.98,41353.12,60.35,51.4,33.86
28.77,163.42,41297.43,62.09,39.71,35.12
28.98,163.72,41721.9,63.33,37.1,35.94
29.19,163.67,41983.66,65.12,33.7,37.34
29.4,163.53,41786.4,66.22,47.27,38.1
29.61,163.83,41367.67,67.83,51.2,39.41
29.82,163.42,40979.45,69.42,40.96,40.71
30.03,163.34,40929.28,70.07,33.55,41.13
30.24,163.26,40874.51,71.6,37.45,42.47
30.45,163.28,40875.54,72.78,36.81,43.53
30.66,163.42,40908.92,74.02,37.4,44.72
30.87,163.52,40929.49,75.29,35.4,46.02
31.08,163.43,40971.51,76.8,38.47,47.58
31.29,163.56,40983.43,77.08,39.39,48.04
31.5,163.74,40992.62,64.95,30.68,46.63
31.71,163.65,41038.48,65.41,36.19,47.62
31.92,163.9,41094.93,66.28,42.41,49.05
32.13,164.57,41124.88,66.09,40.92,49.44
32.34,164.59,41156.43,67.03,41.0,50.86
32.55,164.75,41194.08,68.12,42.99,52.4
32.76,164.66,41223.05,69.65,46.1,54.31
32.97,165.09,41264.28,70.52,50.04,55.54
33.18,166.01,41272.56,72.34,53.57,57.64
33.39,165.82,41301.41,73.84,62.47,59.3
33.6,165.96,41534.04,75.18,70.25,60.74
33.81,165.47,41597.17,76.83,69.16,62.42
34.02,165.94,41436.26,79.04,61.01,64.56
34.23,166.31,41319.07,81.36,64.16,66.74
34.44,165.89,41247.29,83.39,67.04,68.58
34.65,165.75,41396.68,85.33,78.89,70.24
34.86,165.1,41374.72,87.04,65.21,71.64
35.07,164.93,41383.47,44.71,87.48,22.54
35.28,164.54,41480.89,45.34,86.76,22.58
35.49,164.14,41608.37,44.8,65.56,21.43
35.7,164.1,41673.69,44.68,67.98,20.69
35.91,163.22,41611.8,44.25,59.82,19.57
36.12,162.84,41674.78,44.04,55.25,18.66
36.33,162.37,41720.67,43.6,79.71,17.49
36.54,161.98,41754.64,43.34,84.74,16.48
36.75,161.23,41823.1,42.63,77.34,14.98
36.96,160.74,41893.87,41.94,69.66,13.47
37.17,160.38,41970.91,41.33,25.02,12.02
37.38,159.74,42050.17,40.83,8.98,10.65
37.59,159.27,42070.39,40.23,5.2,9.16
37.8,158.44,42100.58,39.66,4.08,7.72
38.01,157.87,42188.07,38.75,3.47,5.93
38.22,157.4,42362.88,38.3,5.03,4.68
38.43,156.66,42518.61,37.53,6.89,3.56
38.64,155.62,42731.05,30.05,5.89,8.63
38.85,155.1,42775.79,28.3,6.75,7.34
39.06,154.35,42872.95,26.49,8.54,6.04
39.27,153.54,42983.88,24.92,10.15,5.02
39.48,152.9,43056.87,23.26,11.95,4.06
39.69,152.26,43151.48,21.73,13.69,3.41
39.9,151.3,43276.17,19.52,14.54,2.68
40.11,150.56,43396.23,17.65,16.11,3.06
40.32,149.84,43501.17,16.18,18.81,3.74
40.53,149.09,43638.47,14.22,21.1,5.1
40.74,148.01,43759.81,12.12,22.32,6.48
40.95,147.18,43881.83,10.37,18.85,8.07
41.16,146.21,44007.13,9.08,22.27,9.07
41.37,145.49,44130.63,8.09,16.53,10.68
41.58,144.35,44255.34,7.3,12.85,12.23
41.79,143.66,44365.86,7.81,13.47,14.11
42.0,143.0,44465.1,8.46,12.11,4.99
42.21,141.7,44584.56,7.65,14.85,4.97
42.42,141.09,44714.45,6.23,15.88,4.33
42.63,140.11,44837.16,5.47,14.52,4.28
42.84,139.26,44958.96,4.71,15.96,4.16
43.05,137.94,45100.88,3.69,22.24,3.41
43.26,136.83,45251.6,3.59,22.02,3.15
43.47,135.89,45395.65,4.17,23.74,3.56
43.68,134.67,45527.92,4.96,24.52,3.72
43.89,133.02,45662.43,6.48,22.14,4.82
44.1,132.23,45712.58,7.04,27.04,5.04
44.31,131.09,45378.07,7.9,21.47,5.38
44.52,130.47,44759.65,8.22,25.29,5.29
44.73,129.47,44015.61,8.89,11.12,5.95
44.94,128.21,43757.15,9.73,10.45,6.63
45.15,126.67,43527.47,10.69,12.28,7.61
45.36,125.57,43754.19,11.15,12.7,8.33
45.57,124.26,44259.78,9.69,10.93,8.49
45.78,123.47,44048.76,9.69,9.16,8.47
45.99,121.97,44163.95,10.42,9.72,9.11
46.2,121.01,44200.51,10.7,9.01,9.0
46.41,119.74,44291.97,11.39,10.01,9.07
46.62,118.65,44436.97,11.63,10.68,9.72
46.83,117.12,44508.92,12.63,11.82,9.82
47.04,116.01,44551.32,13.23,12.04,9.86
47.25,114.44,44533.92,14.42,12.31,10.14
47.46,113.28,44630.28,15.36,12.34,10.09
47.67,111.84,44700.37,16.67,12.61,10.26
47.88,110.21,44730.55,17.99,13.52,10.85
48.09,108.88,44841.93,19.2,14.14,11.14
48.3,107.3,44900.06,21.0,14.09,11.48
48.51,106.0,44971.73,22.29,14.52,11.8
48.72,104.88,45038.28,23.93,14.49,11.78
48.93,103.55,45110.53,25.15,14.3,12.21
49.14,102.32,45092.17,18.37,28.9,12.04
49.35,100.57,45173.35,19.03,22.04,12.48
49.56,99.26,45197.44,19.18,24.98,12.52
49.77,97.49,45575.89,19.69,26.06,12.95
49.98,96.17,45862.92,19.95,27.32,12.86
50.19,94.72,45869.16,20.23,17.57,12.88
50.4,93.24,45997.21,20.29,16.28,13.02
50.61,91.35,46138.27,20.79,17.3,13.48
50.82,89.87,46353.48,20.99,17.09,13.49
51.03,88.66,46380.26,21.08,17.8,13.14
51.24,87.15,46444.37,21.2,18.88,13.17
51.45,85.55,46517.07,21.37,19.58,13.3
51.66,84.19,46594.0,21.46,20.18,13.11
51.87,82.41,46648.0,21.96,20.88,13.3
52.08,80.79,46707.69,22.36,18.54,13.28
52.29,79.2,46739.27,22.67,18.68,13.3
52.5,78.17,46753.6,10.66,17.46,11.6
52.71,76.3,47095.64,10.0,15.79,11.39
52.92,74.6,47213.05,9.51,11.46,11.67
53.13,72.99,47258.57,9.04,11.41,11.53
53.34,71.58,47330.97,8.66,10.06,11.14
53.55,70.41,47403.5,8.81,11.11,10.74
53.76,68.99,47473.83,9.77,10.63,10.61
53.97,67.52,47541.68,10.88,10.88,10.29
54.18,65.89,47620.36,11.91,11.63,9.81
54.39,64.82,47657.89,13.51,12.31,9.15
54.6,63.01,47739.05,15.84,9.67,9.45
54.81,61.8,47796.92,18.2,10.04,9.18
55.02,61.0,47837.35,20.49,10.09,8.38
55.23,60.34,47894.74,23.44,10.03,7.98
55.44,59.0,47943.1,26.69,8.79,8.47
55.65,57.85,47933.21,29.88,9.12,8.75
55.86,56.73,47972.86,33.58,9.08,9.6
56.07,56.08,48013.96,14.41,10.67,6.85
56.28,54.74,48046.16,13.6,9.68,6.46
56.49,53.64,48075.14,13.57,2.78,6.09
56.7,52.56,48096.49,13.26,3.55,5.62
56.91,51.69,48114.49,12.42,4.98,4.65
57.12,50.31,48129.73,11.92,6.29,4.35
57.33,48.99,48149.48,11.42,10.11,4.02
57.54,47.67,48152.01,11.08,8.97,3.74
57.75,46.64,48140.15,10.72,9.77,3.18
57.96,45.24,48132.91,10.08,7.34,3.06
58.17,44.56,48123.85,9.68,12.39,2.44
58.38,42.96,48103.76,8.94,9.19,2.67
58.59,41.94,48120.07,8.67,10.36,2.53
58.8,40.66,48142.88,8.29,1.3,2.52
59.01,39.51,48086.83,7.81,0.31,2.76
59.22,38.28,48044.32,7.52,7.9,2.61
59.43,37.27,48009.93,7.22,3.03,2.68
59.64,35.86,47959.97,7.06,9.0,6.28
59.85,34.95,47904.67,6.92,10.02,7.25
60.06,33.57,47837.59,6.18,8.94,7.61
60.27,32.85,48110.96,6.12,5.64,8.41
60.48,31.86,48293.55,5.55,5.22,8.67
60.69,30.98,48194.37,5.45,4.87,9.47
60.9,29.92,48112.66,5.59,5.63,10.33
61.11,29.38,48047.97,5.77,6.4,11.03
61.32,28.44,47965.92,6.38,6.19,11.82
61.53,27.81,47863.76,7.05,6.92,12.57
61.74,27.16,47805.08,7.84,7.32,13.23
61.95,26.33,47726.16,9.57,8.42,14.25
62.16,26.03,47622.11,10.36,9.8,14.92
62.37,25.22,47524.97,12.1,9.47,15.6
62.58,24.48,47410.08,13.76,11.09,16.14
62.79,24.5,47296.18,15.68,13.29,17.47
63.0,24.04,47175.63,17.34,14.21,18.03
