nlat,nlon,latlo,lathi,lonlo,lonhi
60.0,60.0,44.597641308,44.93174149199999,-76.21558368000001,-75.79728361999999
255.69,-85.05,18.11,35.94,41.01,17.73,-19.54,61.2,90.38,-215.53,-283.09,-247.69,-233.38,-359.51,-465.57,-498.58,-507.54,-506.33,-500.87,-492.42,-486.68,-484.71,-479.3,-468.37,-461.85,-452.9,-410.73,-383.31,-367.93,-261.95,-287.21,-378.22,35.88,290.89,28.16,141.25,196.39,269.84,299.33,305.06,82.1,17.02,179.64,102.38,7.38,-261.52,-325.31,-4.63,292.26,247.9,152.72,-18.72,-295.44,-524.33,-583.67,-464.49,-311.24,-289.29,-298.74,-298.63
128.27,-127.27,1.54,85.54,175.88,184.91,130.74,103.6,-49.47,-251.29,-276.33,-264.07,-286.52,-397.68,-459.91,-475.18,-474.15,-469.22,-459.64,-449.69,-444.39,-442.05,-440.12,-428.7,-425.46,-425.39,-403.11,-334.81,-350.69,-304.92,-179.85,-114.97,125.83,378.93,263.09,420.94,427.65,335.66,151.02,165.62,175.37,17.33,-17.0,122.66,115.81,1.64,-287.12,-342.67,-2.6,300.54,290.86,62.24,-246.68,-503.56,-582.64,-533.13,-405.34,-345.01,-315.88,-329.89
39.54,-146.73,-44.41,-16.16,-14.43,-27.77,-5.7,-40.62,-150.76,-191.38,-236.22,-202.04,-278.35,-401.42,-441.05,-447.1,-442.29,-435.62,-425.59,-411.33,-405.28,-404.21,-398.93,-388.17,-391.83,-391.11,-383.08,-357.94,-327.8,-377.85,-355.06,-192.01,240.2,475.15,485.51,658.57,567.79,463.86,378.91,224.72,181.47,150.76,-24.21,-75.69,62.51,112.7,-16.8,-277.02,-386.87,-172.44,129.65,46.56,-168.75,-464.85,-566.57,-572.92,-463.75,-393.82,-376.77,-392.0
-181.98,-254.6,-70.01,-32.33,-170.83,-218.11,-209.46,-201.15,-218.35,-145.84,-319.65,-219.09,-266.27,-382.11,-414.61,-417.92,-410.94,-402.03,-389.17,-379.46,-366.18,-356.6,-355.63,-362.35,-356.26,-361.0,-363.2,-348.45,-331.23,-361.94,-417.92,-416.75,-207.44,278.85,432.25,602.29,481.45,396.97,428.47,387.53,362.4,278.85,141.01,-62.87,-135.85,-152.44,0.93,8.26,-165.12,-308.78,-186.35,-32.19,-33.27,-384.73,-531.69,-575.32,-529.47,-462.43,-479.11,-484.2
-357.83,-374.29,-184.19,-160.43,-247.63,-284.74,-305.89,-300.42,-298.48,-259.93,-382.4,-280.09,-322.37,-367.1,-385.68,-384.56,-371.24,-366.46,-359.44,-353.07,-338.39,-326.55,-327.11,-319.87,-317.43,-312.67,-310.52,-314.51,-336.8,-351.05,-410.17,-438.64,-380.26,-118.56,150.29,340.81,402.35,372.17,333.84,330.76,365.06,314.53,253.63,175.31,32.72,-125.37,-177.39,-58.31,21.56,-8.48,-138.23,-155.32,-27.24,-177.84,-444.21,-534.56,-561.79,-565.92,-547.43,-511.58
-253.1,-372.31,-252.98,-100.68,-231.06,-291.82,-310.66,-327.63,-324.45,-295.36,-370.16,-291.43,-326.14,-353.81,-359.65,-343.4,-316.19,-322.64,-329.45,-328.77,-318.34,-302.4,-294.46,-294.07,-328.33,-297.22,-237.68,-244.99,-297.33,-322.53,-370.8,-407.46,-410.94,-339.71,-166.13,32.64,158.04,209.8,222.24,215.62,205.97,153.1,143.52,157.81,128.42,61.48,-57.69,-67.77,-26.02,-4.66,7.3,-27.81,-67.94,-18.11,-291.42,-456.5,-538.22,-578.67,-578.1,-530.42
702.88,-207.82,-367.42,-195.29,-259.91,-265.85,-317.23,-292.3,-316.23,-281.73,-298.53,-254.33,-306.03,-337.5,-323.94,-263.7,-265.9,-271.61,-301.3,-306.49,-296.74,-282.41,-283.48,-306.85,-338.29,-324.4,-219.62,-204.24,-286.61,-317.6,-329.84,-346.75,-372.51,-359.27,-295.06,-192.29,-92.03,-28.21,5.62,23.79,11.51,-14.21,-35.24,-30.83,20.51,52.59,52.81,89.58,119.48,-43.93,-16.99,23.96,29.97,-15.5,-79.44,-355.31,-484.68,-546.65,-563.33,-577.43
502.99,-207.49,-459.57,-423.01,-336.04,-290.21,-314.08,-279.57,-270.6,-247.39,-179.91,-149.8,-263.88,-316.63,-295.12,-251.67,-296.86,-273.22,-285.11,-284.35,-266.89,-246.49,-262.88,-297.05,-320.43,-331.95,-294.51,-196.55,-233.5,-266.13,-263.53,-265.89,-287.04,-312.29,-313.12,-281.82,-229.88,-177.17,-132.75,-105.67,-84.97,-77.8,-111.89,-154.88,-169.08,-96.44,14.28,37.73,-6.15,-59.8,-113.13,-42.62,10.52,16.43,1.92,-182.76,-404.19,-472.15,-530.82,-595.02
459.13,-174.25,-383.5,-403.36,-364.12,-299.38,-293.47,-267.59,-207.28,-210.86,-111.28,86.19,-180.8,-289.29,-273.29,-244.79,-266.56,-199.04,-258.6,-263.65,-248.47,-219.84,-244.55,-260.81,-280.18,-285.98,-302.3,-295.64,-249.78,-215.04,-181.05,-147.29,-170.63,-229.09,-265.68,-268.68,-245.44,-165.37,-136.08,-161.42,-154.95,-58.15,-96.02,-164.58,-220.76,-230.63,-168.54,-72.77,-72.02,-121.89,-148.54,-143.11,-53.72,-3.95,-1.31,-50.01,-275.25,-360.51,-463.16,-557.94
653.17,73.31,-329.0,-369.96,-354.07,-331.67,-273.94,-220.27,-208.28,-199.18,-173.04,-89.34,-187.38,-263.52,-245.24,-235.77,-276.19,-257.35,-257.55,-247.1,-243.07,-207.38,-221.56,-232.91,-251.79,-257.0,-244.73,-229.13,-226.5,-199.97,-117.35,-110.91,-202.05,-238.89,-167.97,-211.43,-232.15,-232.82,-232.33,-213.93,-144.07,-110.75,-116.55,-162.57,-194.38,-236.63,-239.63,-168.31,-86.04,-65.78,-138.94,-161.92,-143.98,-67.51,-39.45,-44.97,-120.69,-243.62,-357.19,-502.05
45.34,213.1,-286.6,-385.74,-388.26,-351.73,-295.05,-245.04,-229.66,-226.81,-187.53,-194.12,-173.36,-216.57,-223.52,-210.95,-238.47,-251.61,-233.17,-209.12,-219.17,-208.33,-206.24,-212.67,-220.44,-223.77,-199.54,-177.15,-183.27,-160.68,-64.02,-26.58,-104.05,-197.06,-189.22,-128.31,-223.69,-239.26,-270.84,-276.74,-166.75,-49.29,-101.0,-126.59,-161.13,-195.45,-227.78,-223.92,-154.74,-78.11,-82.66,-143.59,-166.84,-119.7,-79.46,-76.24,-107.78,-151.5,-259.53,-418.3
-442.24,-291.14,-264.61,-337.8,-328.39,-331.11,-308.27,-269.18,-229.96,-228.98,-218.99,-220.99,-158.49,-157.12,-191.1,-185.34,-215.03,-211.85,-208.36,-200.16,-195.33,-194.29,-189.66,-186.8,-186.66,-179.23,-152.47,-127.42,-114.32,-101.84,-67.58,51.32,70.49,-66.84,-208.29,-230.5,-298.77,-272.45,-234.54,-260.86,-273.03,-203.5,-106.26,-61.39,-88.34,-160.05,-193.18,-227.85,-247.89,-151.75,-106.61,-112.05,-125.09,-145.26,-75.87,-78.76,-158.87,-194.89,-216.14,-329.48
-325.47,-351.24,-332.99,-275.12,-250.08,-302.62,-300.74,-278.47,-260.91,-251.28,-258.98,-258.6,-209.57,-89.0,-122.77,-168.13,-191.67,-190.77,-175.84,-166.71,-165.44,-162.62,-157.84,-157.58,-153.29,-132.53,-92.63,-71.17,-48.09,-29.13,-29.21,25.7,141.25,149.33,-87.35,-226.74,-330.77,-465.63,-338.68,-252.75,-259.43,-256.33,-181.54,-44.2,4.14,-79.61,-160.45,-229.63,-263.22,-277.71,-224.79,-189.05,-168.25,-148.63,-170.57,-104.93,-148.97,-227.15,-272.93,-289.9
-184.14,-222.29,-269.68,-235.55,-271.88,-307.22,-300.6,-294.63,-286.55,-295.4,-292.62,-286.98,-265.62,-169.76,-67.82,-76.53,-150.66,-160.07,-148.67,-137.4,-132.16,-129.51,-126.28,-124.04,-110.56,-84.32,-52.47,-29.78,-30.72,-5.25,10.42,17.07,106.51,238.7,48.27,-124.69,-237.83,-325.5,-334.61,-312.95,-366.08,-686.27,-927.62,-573.08,-133.94,-12.09,-111.12,-211.26,-230.66,-285.84,-329.5,-288.41,-220.11,-136.04,-200.88,-216.24,-158.74,-186.9,-237.22,-316.06
-38.77,-108.74,-189.72,-241.78,-299.67,-304.49,-286.34,-302.27,-336.83,-323.34,-320.43,-293.96,-281.68,-250.44,-155.6,-95.83,-87.03,-86.27,-80.18,-94.41,-100.51,-99.81,-94.55,-84.2,-71.1,-51.95,-45.38,-24.35,-22.12,-2.29,33.4,-10.15,58.4,161.82,114.57,62.55,-24.22,-134.16,-222.31,-276.28,-322.99,-383.37,-494.0,-576.29,-495.37,22.85,-46.02,-180.76,-272.93,-278.1,-337.45,-355.36,-267.55,-187.18,-154.29,-230.36,-170.6,-118.03,-135.84,-227.39
139.45,-29.65,-133.18,-223.1,-263.14,-277.31,-280.97,-284.81,-348.92,-353.56,-341.32,-300.54,-264.34,-241.36,-191.74,-155.14,-131.16,-94.68,-61.96,-38.31,-44.4,-64.54,-61.04,-39.55,-17.7,-42.48,-50.62,-15.67,-1.24,44.04,36.84,29.87,42.29,118.81,218.48,262.91,251.13,165.4,-22.24,-153.89,-227.74,-284.86,-322.43,-412.45,-566.05,-14.31,6.35,-161.21,-273.89,-315.62,-282.58,-346.04,-349.52,-265.77,-214.7,-204.14,-232.31,-109.39,-94.15,-154.54
375.81,49.61,-149.76,-277.26,-320.38,-272.02,-279.69,-279.98,-345.49,-361.2,-347.03,-298.91,-251.99,-202.01,-145.18,-108.99,-108.76,-108.22,-106.89,-77.61,-43.19,-48.25,-21.0,-23.68,23.77,-11.66,-27.4,-19.12,18.66,85.06,73.49,77.66,98.65,188.29,299.15,386.97,429.74,358.58,189.93,-2.2,-92.4,-172.47,-260.22,-330.81,-529.76,-195.02,1.75,-166.13,-256.85,-322.03,-336.97,-330.42,-377.48,-354.48,-297.44,-229.86,-223.04,-187.2,-87.12,-109.77
390.66,2.71,-213.21,-290.2,-363.32,-373.22,-396.1,-384.15,-360.77,-339.55,-326.86,-298.85,-244.53,-173.93,-70.29,-2.8,-4.42,-42.43,-45.96,-29.79,-52.77,-60.74,-45.87,-35.63,-3.94,8.24,14.3,29.72,52.01,76.81,138.45,162.96,151.02,162.22,224.72,339.91,413.83,380.91,340.14,121.49,45.74,-41.6,-174.49,-275.75,-471.68,-414.73,-139.21,-201.42,-252.13,-299.18,-357.35,-371.38,-373.84,-381.97,-365.24,-323.08,-249.26,-229.32,-148.27,-32.95
28.03,-235.01,-359.82,-405.41,-420.64,-435.1,-429.48,-434.5,-440.43,-431.25,-406.43,-344.56,-277.7,-170.48,-22.7,154.06,122.55,31.78,-21.68,-13.06,19.56,15.17,16.49,22.43,24.22,38.97,58.72,81.12,99.98,108.42,166.61,112.34,95.3,72.56,104.21,206.34,379.64,400.03,338.05,214.88,122.71,24.03,-127.56,-207.01,-318.62,-468.32,-256.96,-288.19,-286.27,-310.64,-371.8,-395.99,-346.12,-357.94,-400.52,-385.11,-313.5,-237.91,-230.16,-133.16
-309.51,-432.61,-457.06,-480.21,-459.88,-459.62,-452.53,-461.54,-451.3,-444.23,-428.27,-403.83,-346.28,-281.37,-178.33,101.88,225.78,70.61,30.15,39.96,72.52,90.35,90.15,93.69,84.24,75.15,99.24,123.47,156.0,116.87,137.61,150.06,89.37,46.74,22.6,82.95,294.08,510.09,469.01,296.0,163.92,-11.75,-126.57,-182.72,-197.89,-263.89,-299.42,-316.03,-315.5,-336.17,-390.19,-403.97,-381.56,-358.14,-388.16,-415.81,-394.22,-311.07,-235.96,-256.0
-445.95,-473.96,-470.55,-485.08,-487.29,-487.64,-466.69,-471.45,-461.9,-431.47,-435.88,-412.59,-380.87,-311.83,-263.33,-165.51,11.75,76.35,98.64,115.28,134.19,154.4,148.58,145.92,134.18,132.11,143.65,131.04,142.06,151.16,136.99,155.94,104.78,67.94,49.79,65.17,289.43,725.85,638.9,294.45,172.9,96.36,-62.32,-116.81,-177.42,-179.43,-190.22,-259.19,-301.56,-330.22,-374.06,-394.07,-327.94,-165.07,-174.67,-347.94,-426.49,-382.56,-218.91,-193.11
-466.37,-472.74,-516.12,-516.22,-498.47,-469.64,-456.94,-455.55,-454.1,-456.96,-453.81,-421.26,-378.68,-327.93,-262.83,-184.74,5.68,32.03,99.88,180.35,226.52,237.4,217.81,193.34,168.28,163.07,178.65,151.95,166.76,202.52,174.02,153.76,144.2,93.15,66.19,65.96,159.02,451.69,612.54,296.53,-15.11,40.46,15.75,27.45,-90.29,-204.82,-199.23,-192.7,-313.83,-314.65,-331.19,-386.72,-256.37,284.24,399.07,-243.61,-462.9,-433.18,-275.69,-122.38
-453.8,-464.58,-527.49,-525.48,-477.56,-449.93,-442.24,-450.95,-464.34,-476.48,-467.34,-437.39,-403.58,-332.24,-258.68,-217.55,-72.75,59.19,96.4,149.86,215.97,263.63,283.52,276.95,204.24,174.55,163.26,165.63,184.69,235.84,211.3,195.49,203.23,152.73,99.11,102.36,185.46,514.7,574.8,347.21,131.96,-103.56,-97.24,-117.7,-162.5,-227.71,-301.24,-270.44,-335.49,-394.55,-352.61,-393.44,-417.28,-209.14,-232.55,-466.61,-493.52,-469.94,-362.05,-206.41
-385.84,-451.71,-523.13,-535.14,-502.81,-492.68,-485.47,-482.45,-484.71,-490.95,-481.4,-457.56,-417.31,-364.26,-296.19,-219.29,-135.97,-12.59,78.53,141.58,223.38,274.53,285.22,246.76,186.17,182.17,223.91,208.07,180.98,229.34,190.04,162.81,261.11,244.44,195.08,199.8,318.1,645.77,596.92,368.39,321.21,86.41,-133.78,-175.55,-71.35,-139.78,-236.34,-269.65,-316.75,-385.53,-430.7,-448.24,-495.17,-490.11,-479.03,-537.33,-526.51,-489.11,-413.43,-276.54
-351.26,-413.11,-506.11,-540.55,-532.81,-545.54,-534.7,-526.04,-523.99,-516.71,-494.71,-470.44,-433.92,-409.8,-363.58,-241.46,-142.77,-98.41,3.61,84.68,126.88,226.97,248.41,209.17,145.46,83.29,212.12,334.77,242.87,160.02,144.05,70.79,127.72,234.04,268.23,340.6,512.49,766.9,641.89,532.54,337.91,155.02,-54.12,-155.85,-144.87,-190.24,-257.72,-294.08,-310.81,-344.55,-390.53,-430.44,-459.74,-504.06,-522.19,-529.42,-528.25,-504.61,-452.39,-315.27
-348.49,-410.4,-473.78,-522.62,-519.72,-541.08,-528.59,-535.89,-550.32,-541.41,-516.64,-479.08,-448.3,-429.73,-414.46,-367.4,-262.85,-169.24,-76.93,-30.03,18.95,93.6,165.89,157.87,124.39,14.18,-57.88,253.14,427.27,303.67,200.21,144.7,-52.82,83.12,127.46,254.69,688.2,804.48,576.37,593.26,217.48,107.76,168.24,-7.62,-87.02,-120.01,-162.42,-205.66,-240.44,-284.2,-307.05,-359.49,-435.52,-447.64,-497.15,-514.78,-507.7,-498.29,-467.29,-372.96
-381.9,-438.58,-485.54,-531.47,-517.63,-518.15,-533.04,-523.93,-544.18,-546.51,-498.58,-427.81,-450.22,-446.32,-429.37,-402.41,-353.57,-290.08,-169.04,-93.21,-58.91,-0.69,64.18,103.2,89.53,18.44,-100.74,-151.07,222.8,437.28,285.94,169.9,63.54,56.32,21.7,61.06,510.16,695.53,473.58,359.81,133.9,270.37,704.05,634.91,536.27,382.16,171.37,10.58,-108.41,-200.6,-236.55,-299.83,-384.54,-432.18,-464.32,-498.78,-499.3,-490.24,-466.34,-390.2
-446.23,-499.56,-548.73,-551.82,-520.39,-533.97,-554.87,-527.73,-553.36,-538.86,-467.73,-354.93,-467.77,-476.55,-452.96,-429.46,-391.16,-368.35,-301.37,-200.1,-149.13,-79.26,7.43,-2.05,12.21,13.69,-50.17,-148.99,-131.38,261.79,473.4,317.31,118.63,46.73,40.92,-40.99,204.4,640.29,494.51,499.58,272.04,139.46,589.06,1225.24,1676.23,1380.92,943.23,713.97,380.73,92.29,-93.49,-181.81,-265.98,-354.52,-419.12,-471.58,-491.73,-476.52,-445.56,-336.15
-489.23,-510.45,-571.33,-563.31,-511.06,-517.07,-552.72,-546.56,-549.56,-531.76,-527.24,-516.45,-513.0,-494.39,-478.5,-455.35,-420.83,-392.66,-385.26,-310.72,-247.3,-232.64,-129.93,-99.3,-78.81,-25.94,-39.47,-104.07,-156.03,-163.71,99.11,402.01,295.7,97.65,45.7,-42.25,9.48,234.61,532.84,485.64,445.2,101.31,193.51,812.77,1516.24,1631.04,1232.69,870.98,838.48,685.34,374.21,71.54,-58.23,-180.09,-296.44,-413.95,-447.96,-447.55,-410.91,-366.38
-519.09,-518.05,-562.3,-555.47,-509.58,-491.71,-527.1,-517.86,-542.56,-542.56,-524.66,-543.59,-498.55,-448.38,-460.06,-448.79,-387.59,-385.95,-396.59,-390.8,-369.05,-326.54,-282.88,-212.57,-156.14,-103.79,-68.77,-54.59,-47.1,-12.83,-142.53,-88.98,212.54,180.33,56.11,-23.38,-98.24,-1.21,106.26,301.25,374.59,184.31,-53.31,154.28,490.51,504.26,729.54,728.08,667.45,520.13,469.91,354.85,299.65,23.99,-236.08,-381.53,-402.68,-408.14,-384.64,-384.91
-484.28,-513.37,-530.77,-541.1,-503.12,-475.24,-522.5,-516.95,-538.97,-551.42,-534.1,-539.29,-488.9,-398.62,-448.98,-408.55,-184.92,-269.12,-399.29,-409.83,-416.39,-384.16,-344.06,-303.37,-228.35,-150.81,-106.84,-68.2,49.54,251.0,339.31,133.01,-56.55,26.78,83.96,65.24,-35.04,-109.43,32.96,171.12,200.29,141.92,-2.98,-76.84,-44.13,-2.12,132.8,358.45,395.74,321.14,171.59,138.31,276.24,241.85,-150.09,-324.52,-381.75,-400.72,-401.36,-386.2
-367.4,-438.27,-522.15,-525.61,-499.49,-508.38,-539.63,-544.89,-549.85,-528.9,-539.53,-546.6,-497.95,-323.51,-412.57,-424.6,-264.22,-297.87,-434.08,-440.31,-458.08,-478.73,-442.82,-404.22,-351.84,-257.16,-215.9,-181.65,-79.45,269.26,621.06,513.93,253.48,54.43,107.25,87.14,160.07,75.09,-88.06,43.59,188.81,165.3,86.08,-38.33,-94.98,-106.86,-139.83,-110.1,12.03,108.09,152.99,125.97,16.16,184.93,76.93,-177.54,-296.16,-358.2,-377.58,-373.75
-316.86,-334.52,-519.01,-541.48,-545.32,-539.01,-530.71,-528.79,-526.31,-493.27,-538.15,-544.43,-467.58,-333.25,-373.07,-409.97,-403.98,-438.36,-491.43,-479.94,-497.37,-526.54,-545.32,-524.01,-472.35,-422.78,-381.6,-342.17,-262.42,-123.46,123.24,321.3,284.71,141.04,174.72,131.58,106.05,234.34,82.52,-163.23,-63.79,148.1,150.99,54.68,-24.12,-20.54,-39.81,-123.12,-180.05,-175.07,-134.44,-105.56,-187.63,-165.22,180.76,118.46,-138.32,-257.75,-304.31,-330.23
-370.67,-299.86,-476.21,-554.45,-558.39,-538.52,-516.32,-511.77,-516.62,-508.56,-530.75,-555.7,-537.01,-401.43,-376.66,-402.03,-356.05,-445.17,-510.06,-538.23,-538.87,-561.67,-571.54,-586.85,-577.33,-557.79,-516.08,-361.84,-258.21,-370.82,-252.5,57.69,183.23,93.17,160.04,294.22,173.37,130.24,103.52,27.23,77.07,116.83,150.85,87.21,27.77,54.64,71.14,-44.61,-154.63,-213.06,-242.84,-270.4,-277.1,-286.53,-172.67,101.74,-44.88,-163.2,-195.31,-256.48
-383.08,-364.57,-411.07,-521.62,-519.98,-510.71,-487.89,-481.95,-499.28,-505.11,-523.68,-552.36,-545.37,-418.71,-444.13,-428.89,-335.19,-426.49,-518.6,-547.94,-569.25,-556.12,-582.04,-600.33,-610.45,-614.69,-609.12,-430.74,-226.42,-388.68,-483.39,-394.17,-214.25,-80.86,46.1,273.95,238.54,187.85,145.92,177.37,246.56,297.07,159.44,112.11,88.63,116.79,151.3,15.34,-147.92,-194.7,-246.27,-295.53,-282.92,-245.69,-205.46,-155.48,-109.51,-138.93,-166.27,-188.69
-326.77,-352.36,-421.29,-464.41,-498.67,-496.13,-461.89,-429.51,-473.31,-504.73,-527.02,-541.56,-508.02,-433.33,-431.75,-309.55,-264.29,-410.99,-517.69,-534.79,-557.12,-563.96,-585.5,-603.28,-620.74,-638.73,-673.01,-704.78,-588.52,-269.43,-460.07,-587.57,-617.79,-353.97,-97.88,140.57,436.98,520.1,369.01,324.2,427.73,481.8,227.92,94.64,106.52,119.83,113.9,56.45,-57.42,-178.01,-257.99,-312.22,-318.21,-276.02,-188.66,-120.85,-57.75,-28.07,-109.84,-176.38
-323.07,-330.11,-367.61,-417.05,-462.6,-457.36,-434.71,-451.18,-479.21,-501.09,-517.7,-538.59,-521.63,-461.73,-411.73,-285.84,-243.94,-334.25,-510.89,-538.27,-569.88,-600.55,-621.53,-606.08,-622.01,-648.6,-669.96,-712.28,-723.55,-479.03,-195.15,-372.95,-634.4,-575.92,-282.95,-101.37,197.13,283.33,240.11,261.29,382.77,382.6,222.43,155.24,97.21,-0.12,29.97,70.56,-11.39,-144.73,-242.78,-294.21,-293.79,-233.84,-98.29,-9.05,-34.22,-18.32,-115.2,-173.47
-326.27,-335.0,-358.6,-390.29,-408.03,-412.71,-418.15,-439.73,-456.14,-469.57,-483.1,-512.81,-508.32,-476.96,-467.23,-271.74,-208.49,-321.95,-481.83,-541.2,-581.62,-609.45,-631.3,-595.73,-569.39,-609.73,-641.9,-682.8,-748.21,-766.21,-621.9,-550.02,-592.87,-553.77,-376.14,-199.8,-56.85,7.03,18.36,111.68,222.46,269.61,265.84,199.94,101.58,-27.12,-49.86,58.84,42.65,-117.7,-245.5,-299.81,-275.62,-228.82,-125.9,14.12,17.19,-123.31,-167.49,-46.83
-361.25,-342.32,-340.27,-367.99,-330.96,-314.67,-320.81,-339.29,-387.59,-421.68,-442.06,-495.41,-564.11,-496.63,-485.22,-374.95,-377.77,-470.95,-495.07,-536.41,-570.36,-596.07,-625.77,-605.36,-518.76,-559.45,-611.19,-645.49,-687.43,-719.05,-699.27,-623.44,-510.84,-445.48,-312.7,-169.28,-83.9,-58.28,-52.81,-8.94,72.6,272.21,284.47,190.84,102.45,-15.69,-128.07,-67.23,32.66,-93.83,-241.41,-324.39,-348.54,-283.33,-222.56,-189.26,-125.94,-163.84,-232.88,-235.68
-360.91,-368.98,-364.78,-361.22,-315.57,-280.05,-203.55,-102.16,-292.27,-385.86,-396.15,-440.44,-532.3,-440.76,-487.73,-434.48,-423.05,-485.08,-523.33,-531.92,-551.67,-576.45,-608.47,-614.62,-570.36,-546.1,-591.93,-621.11,-623.39,-632.75,-551.21,-306.91,-61.89,-136.71,-179.06,-99.74,-30.06,-29.45,-53.98,-50.45,-61.44,2.16,109.11,64.46,4.46,-58.65,-160.12,-168.26,29.75,-40.39,-200.59,-294.58,-320.27,-283.35,-262.32,-263.56,-217.26,-186.43,-232.4,-280.48
-375.47,-386.66,-374.73,-344.69,-354.17,-352.59,-345.66,-213.74,-276.66,-349.55,-371.02,-375.55,-469.76,-377.94,-429.65,-405.32,-392.96,-411.54,-469.42,-491.58,-512.04,-533.75,-562.62,-591.1,-593.2,-576.18,-580.61,-605.63,-604.25,-608.12,-551.68,-271.06,32.29,94.05,101.38,168.69,103.07,-8.07,-42.34,-47.01,-43.01,-24.01,30.56,-25.93,-115.4,-162.83,-184.65,-252.39,-62.35,-28.47,-188.61,-289.91,-258.51,-182.02,-149.59,-194.3,-230.33,-200.01,-235.86,-276.38
-402.93,-404.38,-387.99,-325.35,-355.49,-385.64,-372.59,-321.34,-301.1,-296.25,-313.33,-310.43,-384.8,-309.25,-356.66,-354.71,-340.83,-337.67,-409.67,-429.08,-461.53,-482.42,-499.8,-530.53,-559.28,-570.52,-568.98,-595.81,-612.19,-562.91,-501.99,-306.96,-145.51,-104.25,-6.38,108.52,60.88,-45.23,-81.2,-92.13,-77.51,-64.27,-32.89,-71.68,-161.85,-219.3,-251.21,-320.98,-255.59,-92.12,-228.28,-299.46,-187.15,-83.98,-46.72,-46.89,-111.26,-156.34,-156.08,-180.93
-407.18,-377.0,-383.53,-361.65,-354.83,-374.37,-306.22,-301.23,-134.79,-173.25,-236.22,-246.62,-292.76,-262.42,-305.97,-295.21,-287.48,-287.26,-356.76,-384.97,-399.05,-425.33,-433.99,-473.82,-511.25,-541.42,-564.56,-584.91,-616.72,-566.8,-465.82,-388.59,-358.72,-348.3,-290.7,-212.61,-148.91,-152.53,-172.71,-159.46,-153.64,-155.83,-122.84,-107.37,-214.18,-261.94,-314.61,-342.96,-372.81,-259.68,-310.12,-348.33,-204.35,-83.94,-93.55,-106.81,-122.36,-127.9,-167.88,-182.6
-357.26,-349.18,-355.97,-349.23,-338.4,-389.52,-320.58,-277.36,-142.72,-2.79,-125.62,-180.53,-199.46,-204.02,-264.99,-228.16,-212.16,-259.1,-296.74,-319.1,-346.53,-366.2,-392.53,-419.17,-454.67,-494.83,-544.04,-582.57,-598.91,-592.04,-540.44,-492.45,-513.93,-520.9,-495.2,-437.24,-370.75,-324.53,-290.5,-263.48,-245.44,-254.51,-210.87,-174.8,-248.56,-295.52,-284.51,-284.84,-315.23,-314.17,-379.6,-384.0,-199.59,-51.94,-136.0,-248.72,-330.35,-250.95,-185.53,-252.25
-341.72,-319.5,-351.39,-352.92,-335.69,-399.13,-430.43,-398.25,-300.86,-47.99,28.41,-14.93,-21.2,-106.89,-170.3,-159.02,-197.89,-195.21,-225.67,-245.65,-270.55,-290.4,-317.72,-346.62,-386.2,-441.54,-503.96,-571.92,-599.12,-603.99,-632.31,-620.32,-604.17,-581.49,-585.09,-558.13,-503.04,-448.79,-392.99,-367.95,-346.53,-341.3,-307.06,-258.0,-265.4,-334.43,-297.99,-275.57,-359.02,-413.63,-460.81,-407.93,-241.87,-89.39,-190.26,-333.16,-438.0,-442.2,-314.93,-360.78
-376.21,-357.92,-354.24,-389.4,-391.24,-407.43,-469.73,-472.69,-431.92,-242.0,15.24,45.12,110.45,12.43,-136.72,-136.64,-137.93,-130.56,-144.67,-161.89,-182.08,-203.4,-233.28,-253.73,-291.64,-363.74,-450.77,-530.25,-588.48,-617.94,-642.69,-657.99,-649.04,-615.37,-579.81,-569.52,-532.87,-487.4,-448.34,-422.83,-388.7,-370.64,-363.67,-329.26,-277.2,-338.85,-309.58,-327.1,-457.31,-499.33,-505.52,-428.58,-276.85,-115.54,-212.31,-395.94,-444.83,-532.3,-423.32,-426.08
-383.48,-352.69,-351.22,-399.13,-445.04,-472.31,-499.16,-503.12,-486.1,-399.94,-111.01,25.37,45.61,76.13,-63.2,16.63,-14.02,-43.24,-43.66,-66.48,-109.16,-122.98,-135.4,-132.7,-167.08,-255.26,-360.14,-451.28,-522.18,-571.65,-593.97,-606.72,-602.44,-591.99,-558.2,-514.52,-481.08,-442.79,-424.51,-429.93,-408.8,-382.97,-386.02,-394.1,-354.37,-361.77,-323.37,-366.52,-454.7,-474.38,-471.53,-398.82,-304.94,-166.76,-167.99,-340.86,-412.23,-491.17,-510.04,-480.09
-355.68,-341.79,-336.95,-376.41,-435.03,-470.72,-488.32,-500.38,-414.08,-344.59,-88.66,-84.3,-71.32,2.11,11.83,-44.85,27.94,110.29,174.89,126.16,9.63,-17.08,-0.47,63.17,22.51,-111.14,-234.0,-332.07,-400.95,-458.09,-506.49,-533.73,-527.0,-498.71,-485.64,-451.69,-414.16,-365.24,-344.65,-377.63,-394.82,-395.19,-399.49,-407.95,-395.29,-376.2,-372.8,-439.1,-497.9,-443.0,-396.2,-341.3,-291.2,-290.95,-292.38,-271.62,-277.23,-403.98,-483.52,-481.99
-353.94,-353.57,-352.36,-358.29,-389.78,-468.96,-477.61,-393.94,23.87,266.77,252.12,134.77,4.21,-17.06,43.52,27.85,-69.34,-7.26,174.09,265.31,150.72,147.21,254.21,325.25,277.23,122.81,-62.1,-169.77,-238.04,-298.62,-369.26,-431.91,-453.3,-427.66,-390.11,-366.56,-342.89,-302.2,-305.92,-341.9,-356.82,-373.09,-388.39,-400.04,-355.39,-304.64,-385.48,-524.32,-535.03,-342.35,-167.77,-143.75,-202.06,-143.8,-222.24,-185.1,-175.61,-361.55,-465.19,-500.27
-333.93,-365.59,-377.79,-333.34,-445.6,-480.34,-492.34,-144.28,480.35,777.29,744.65,708.98,301.15,26.67,35.39,77.91,6.99,-100.22,-20.18,109.33,116.66,150.2,520.77,746.39,666.13,545.19,319.03,146.09,39.95,-28.71,-119.55,-247.77,-353.52,-385.64,-343.04,-304.7,-284.22,-274.9,-269.65,-296.59,-321.56,-356.05,-366.69,-413.6,-413.56,-301.53,-327.28,-486.32,-580.68,-387.24,-74.1,17.57,-108.93,119.03,-104.83,-131.02,-111.38,-315.9,-449.94,-485.36
-240.6,-295.21,-355.41,-304.92,-465.76,-539.81,-466.27,-23.19,518.24,1371.25,1833.58,1013.33,718.36,114.59,10.13,91.75,21.07,-69.87,-89.15,-35.41,-46.64,-61.99,199.27,566.93,702.8,799.3,811.08,526.53,308.19,289.32,223.28,20.0,-217.4,-370.89,-373.3,-297.9,-192.66,-148.16,-157.03,-194.25,-254.39,-315.99,-326.05,-371.25,-452.4,-407.76,-332.35,-424.06,-607.26,-537.58,-352.86,-85.49,-60.37,-7.82,-143.48,-116.55,-35.86,-260.73,-428.55,-495.41
307.04,185.88,-167.08,-338.04,-475.4,-560.08,-529.55,-71.58,345.48,369.47,387.32,310.02,257.58,238.16,-60.27,37.33,88.12,-19.23,-136.17,-104.53,-60.14,-157.04,14.26,219.42,505.54,728.45,681.68,373.95,190.38,223.11,320.12,348.51,313.3,-54.17,-279.81,-229.32,-19.16,130.25,111.4,-0.86,-137.43,-248.94,-299.08,-316.17,-391.27,-486.08,-435.76,-417.01,-618.87,-625.46,-541.69,-407.24,-196.99,-207.32,-310.04,-122.96,44.71,-184.41,-394.81,-484.49
84.38,71.83,-61.5,-336.17,-473.05,-529.87,-557.06,-211.45,97.15,164.88,210.53,21.24,-274.72,-230.25,-8.56,104.31,156.4,140.24,24.78,-88.6,-34.6,-55.39,111.03,391.71,785.41,799.27,756.71,167.75,19.97,83.12,309.88,777.24,967.95,239.25,-122.65,-11.76,244.6,529.83,719.88,411.21,26.67,-176.68,-296.15,-351.72,-378.45,-454.32,-532.42,-489.26,-623.08,-707.58,-670.83,-588.17,-492.06,-400.47,-328.39,-107.27,30.14,-50.65,-329.76,-461.22
-343.03,-373.06,-411.81,-401.4,-420.33,-427.48,-499.22,-190.76,323.8,684.6,926.38,350.64,-290.62,-407.81,-87.29,283.42,519.29,346.56,288.74,87.9,-55.04,-60.0,176.74,549.92,1010.5,1013.23,791.87,55.39,-119.41,-119.84,163.93,593.25,865.05,119.83,-295.31,-220.8,-111.07,275.95,1146.68,1133.43,302.71,-78.57,-248.53,-335.51,-367.64,-418.57,-497.93,-532.72,-600.44,-700.95,-752.68,-729.26,-647.8,-539.49,-477.09,-347.02,-181.75,-70.06,-262.6,-439.35
-432.39,-426.66,-402.03,-243.92,-284.19,-290.76,-239.82,112.46,379.47,736.78,1509.06,1274.62,150.93,-279.06,-191.71,259.94,479.22,409.46,372.16,435.05,203.91,47.0,150.06,464.89,916.06,839.57,606.66,28.87,-230.59,-304.85,-71.55,165.54,596.14,237.78,-256.83,-275.68,-242.37,-120.9,588.81,1020.73,683.59,150.88,-116.0,-279.93,-343.34,-371.41,-444.98,-515.89,-572.23,-631.49,-707.62,-735.77,-696.67,-650.54,-602.7,-511.73,-366.47,-198.92,-209.74,-409.13
-220.73,-409.33,-298.93,-78.1,-130.53,20.51,367.1,214.54,378.41,508.33,1069.5,1240.95,540.33,124.46,-62.32,-8.02,290.29,191.29,22.85,451.0,398.45,266.19,138.56,357.18,703.78,623.96,484.61,3.82,-283.32,-403.64,-231.81,-57.43,311.59,319.81,-114.81,-275.05,-187.73,-74.33,221.11,660.82,884.55,652.73,130.48,-149.76,-307.38,-367.73,-423.64,-503.61,-555.43,-598.3,-637.95,-674.74,-670.22,-653.72,-638.31,-582.42,-431.8,-236.01,-253.91,-398.99
107.44,-77.87,-255.75,-120.08,36.1,719.36,1383.22,1562.03,1970.41,1315.41,614.42,924.72,897.02,404.49,170.67,28.24,-12.41,-69.78,-144.7,-131.02,40.23,198.63,172.02,178.19,479.59,499.43,343.72,-57.05,-301.36,-420.39,-322.86,-143.92,14.49,240.61,-19.6,-261.29,-365.32,-432.48,-172.93,449.5,777.09,958.79,382.42,-34.45,-257.72,-323.44,-403.73,-477.53,-530.31,-562.14,-582.09,-602.85,-619.83,-621.28,-631.69,-622.62,-518.92,-223.56,-281.25,-416.1
-163.4,-206.6,-113.52,-159.39,-201.76,61.93,1123.65,918.94,1020.43,1525.45,478.09,522.29,559.59,447.73,67.58,145.15,-144.69,-248.33,-15.9,-30.32,-222.23,-219.03,-94.52,-71.01,93.35,453.91,316.03,-35.86,-273.52,-381.09,-400.15,-154.93,-109.12,92.13,103.44,-124.83,-244.34,-347.47,-342.58,121.07,556.79,836.87,640.67,83.23,-188.55,-259.18,-334.15,-391.87,-475.62,-519.3,-539.54,-545.31,-560.9,-579.19,-599.07,-638.38,-571.09,-356.26,-325.69,-428.02
-427.75,-453.05,-426.15,-198.51,-472.62,-671.87,-12.02,53.18,-401.99,-145.55,5.19,1.89,131.48,136.05,249.53,325.85,-89.68,-286.7,-288.24,-269.51,-317.66,-334.0,-349.53,-321.33,-138.55,372.32,458.49,26.09,-197.74,-290.55,-384.11,-336.37,-77.44,-96.01,-53.29,-30.19,-129.65,-129.52,-0.82,-59.6,306.69,519.64,694.99,362.36,74.82,-176.86,-280.92,-300.68,-377.44,-472.57,-498.8,-513.08,-526.77,-544.76,-577.82,-636.52,-581.18,-500.4,-406.78,-379.51
-309.78,-377.5,-483.95,-408.29,-727.77,-735.84,-286.42,264.87,-59.27,-212.42,-223.52,-239.57,-77.74,-30.59,33.12,111.71,-186.99,-294.77,-350.84,-365.87,-383.37,-366.51,-328.13,-417.43,-351.12,36.53,636.3,130.0,-142.36,-210.1,-307.24,-352.66,-333.52,-141.77,-55.64,-9.55,-93.97,-180.08,-184.33,105.82,199.71,363.35,552.27,639.11,328.42,-53.98,-259.99,-314.8,-312.44,-405.07,-469.4,-499.3,-517.06,-527.33,-558.22,-603.5,-582.08,-533.09,-492.89,-433.05
